Username,Vaccine,Date
user1,Covishield,2024-11-25
user2,Covaxin,2024-11-26
guest,Covishield,2024-11-27
staff,Covaxin,2024-11-28
alice,Covishield,2024-11-29
bob,Covaxin,2024-11-30
david,Covishield,2024-12-01
user,Covaxin,2024-12-02
user1,Covishield,2024-12-03
user2,Covaxin,2024-12-04
guest,Covishield,2024-12-05
staff,Covaxin,2024-12-06
alice,Covishield,2024-12-07
bob,Covaxin,2024-12-08
david,Covishield,2024-12-09
user,Covaxin,2024-12-10
user1,Covishield,2024-12-11
user2,Covaxin,2024-12-12
guest,Covishield,2024-12-13
staff,Covaxin,2024-12-14
user,Covishield,2024-12-19
guest,Covishield,2024-12-17
